title,Grumpier Old Men (1995),Jumanji (1995),The Matrix (1999),Toy Story (1995),Waiting to Exhale (1995)
Grumpier Old Men (1995),1.0,0.0,0.3866945956182654,0.0,0.0
Jumanji (1995),0.0,1.0,0.4833682445228318,0.0,0.0
The Matrix (1999),0.3866945956182654,0.4833682445228318,1.0,0.6187113529892247,0.4833682445228318
Toy Story (1995),0.0,0.0,0.6187113529892247,1.0,0.0
Waiting to Exhale (1995),0.0,0.0,0.4833682445228318,0.0,1.0
